{
  "hosting": {
      "public": "www",
      "ignore": [
          "firebase.json",
          "**/.*",
          "**/node_modules/**"
      ],
      "rewrites": [{
          "source": "**",
          "destination": "/index.html"
      }],
      "headers": [{
              "source": "/service-worker.js",
              "headers": [{
                  "key": "Cache-Control",
                  "value": "no-cache"
              }]
          },
          {
              "source": "/**",
              "headers": [{
                  "key": "Cache-Control",
                  "value": "no-cache"
              }]
          },
          {
              "source": "ngsw-worker.js",
              "headers": [{
                  "key": "Cache-Control",
                  "value": "no-cache"
              }]
          }
      ]
  }
}